oid,category
1622114,athletics
1663817,autosport
3174332,basketball
3469228,extreme
3905302,boardgames
3914130,boardgames
4029918,football
4581701,volleyball
4695938,winter_sport
5196023,boardgames
5492000,boardgames
6841824,winter_sport
7087528,motosport
7101715,hockey
8071108,extreme
8589632,winter_sport
8591509,basketball
8600526,boardgames
8754004,boardgames
8950121,basketball
9419231,esport
9455401,hockey
10212412,volleyball
10353705,extreme
10778511,hockey
10887106,boardgames
11353014,athletics
11387302,winter_sport
11502711,volleyball
11907137,tennis
12169210,extreme
12290911,hockey
12747705,winter_sport
13031436,extreme
13562224,autosport
15535117,tennis
15687720,boardgames
16717100,athletics
16855822,extreme
17142414,autosport
17474117,basketball
17560220,athletics
17950902,football
18474206,autosport
18929926,basketball
19561637,autosport
19765518,hockey
19978512,winter_sport
21334510,football
21376113,boardgames
21598420,motosport
21713406,martial_arts
21836419,motosport
22036439,athletics
23220639,tennis
23592715,winter_sport
24123011,extreme
24530913,boardgames
24580105,football
24664535,esport
26060618,autosport
26141003,winter_sport
26690326,extreme
26974626,winter_sport
27707002,basketball
27943630,esport
28000829,autosport
28225423,hockey
28624709,basketball
28987600,autosport
29087925,tennis
29843836,martial_arts
30987817,boardgames
31026914,winter_sport
31521229,hockey
31847117,winter_sport
32712332,autosport
32734003,autosport
32860111,winter_sport
33335702,hockey
33521505,volleyball
34632917,volleyball
36132108,tennis
36370916,extreme
36443103,football
36876635,winter_sport
37933603,winter_sport
38650222,boardgames
38686015,autosport
38798826,autosport
38824639,winter_sport
39021409,motosport
39708933,tennis
39760922,esport
40882726,football
41755914,winter_sport
42587423,autosport
42843917,esport
43669432,martial_arts
43776826,extreme
44066515,volleyball
45460810,athletics
45741408,motosport
45822628,extreme
45918031,athletics
46365838,esport
46396337,boardgames
46557902,extreme
47218323,athletics
47878039,volleyball
50649411,boardgames
50657202,tennis
50755530,hockey
51331403,football
51478403,winter_sport
52498920,winter_sport
52704700,extreme
52719309,boardgames
53073826,volleyball
53723411,hockey
54310919,volleyball
54313238,volleyball
54524524,athletics
55011619,tennis
56456918,hockey
57043301,athletics
58022005,boardgames
58056119,motosport
58524106,basketball
58570613,winter_sport
58828435,basketball
58842105,motosport
58905212,basketball
58945831,motosport
59119226,athletics
59719129,hockey
59932732,hockey
60377539,tennis
60784503,esport
61071611,martial_arts
61541309,football
61606616,volleyball
61811928,basketball
62179307,hockey
62850008,esport
63796435,hockey
64335022,martial_arts
64418629,athletics
64505925,hockey
65274210,athletics
65368622,athletics
65417518,boardgames
65928915,winter_sport
66589206,athletics
66862529,esport
67036910,basketball
67744102,esport
68218829,boardgames
68735805,motosport
68737418,winter_sport
69666901,esport
69700733,autosport
69883037,boardgames
70553008,martial_arts
71193028,basketball
71369105,boardgames
71725427,athletics
71917426,tennis
73596624,tennis
73854427,football
73983831,autosport
74069810,motosport
74214811,athletics
74229233,tennis
74450008,martial_arts
74472119,football
74514107,athletics
74652019,football
74653939,basketball
75044739,extreme
75263528,volleyball
75344628,volleyball
75615802,basketball
76441934,extreme
76534706,extreme
76945400,hockey
76964307,winter_sport
77255925,athletics
77263526,tennis
77287639,hockey
77435832,extreme
77725304,autosport
78116910,basketball
78410435,martial_arts
78576008,hockey
80519630,athletics
81076006,hockey
81295517,volleyball
82359035,autosport
82411206,athletics
83051405,winter_sport
84609918,esport
85587732,extreme
85626610,boardgames
86404728,tennis
86508807,tennis
86963818,basketball
87100822,martial_arts
87645031,boardgames
87678917,volleyball
87688401,hockey
87851008,hockey
87954633,tennis
88199013,winter_sport
88427238,volleyball
88967202,hockey
89039324,athletics
89635319,volleyball
90163135,martial_arts
91221831,basketball
91524722,hockey
91586935,athletics
92405418,autosport
92620918,winter_sport
93297629,football
94282806,esport
94891029,winter_sport
95038303,athletics
95187032,martial_arts
95322821,motosport
95581827,winter_sport
95651911,autosport
96550538,martial_arts
97470738,esport
97557113,boardgames
98678120,basketball
99316638,volleyball
101931638,esport
102586218,football
102717338,martial_arts
104061007,hockey
104166914,esport
105159200,football
105238323,motosport
105309737,autosport
105994131,boardgames
106586209,football
106783719,athletics
107411906,winter_sport
108159118,esport
108860121,motosport
110161928,autosport
110299018,extreme
110567026,athletics
110973925,athletics
111216229,tennis
111296917,boardgames
111348804,athletics
111852809,athletics
112730017,athletics
112908707,extreme
113480613,boardgames
113904702,autosport
114039621,hockey
114099424,esport
114597920,athletics
115166329,boardgames
115396210,athletics
115874623,winter_sport
116718123,athletics
118342520,hockey
118582030,autosport
118596635,tennis
118725615,athletics
119067016,football
119280019,martial_arts
119576206,basketball
120129717,boardgames
120359629,athletics
120384031,hockey
120774419,basketball
120860807,athletics
121007603,hockey
121036012,boardgames
121492010,hockey
121966812,volleyball
122842434,motosport
122865219,autosport
123069827,football
123458214,winter_sport
123871733,motosport
123949320,volleyball
124219137,autosport
124259218,winter_sport
125615617,volleyball
125722831,basketball
125860219,hockey
126462019,motosport
126999231,winter_sport
127029536,extreme
127173608,esport
127525432,volleyball
127651009,hockey
128159832,motosport
128381701,volleyball
128426128,tennis
128444506,tennis
128681434,boardgames
129054431,football
129257723,winter_sport
129966125,hockey
129984610,martial_arts
130522526,football
130535527,winter_sport
130540023,tennis
130907226,athletics
131249529,martial_arts
131876911,esport
132467624,boardgames
133265812,extreme
134189922,winter_sport
134346222,extreme
134805635,extreme
135672811,motosport
136266131,extreme
136458830,winter_sport
137256429,autosport
137678818,motosport
137699214,motosport
138603234,extreme
138687307,athletics
139119238,martial_arts
139184223,volleyball
139386623,basketball
139939618,extreme
142013420,esport
142601735,winter_sport
142857803,extreme
143184126,athletics
143397604,athletics
143686331,athletics
143952121,boardgames
144253338,esport
144893418,boardgames
145846507,motosport
146326824,athletics
146978633,extreme
147224411,athletics
147606020,motosport
147828122,winter_sport
148389602,basketball
149638039,motosport
149642906,tennis
150043234,motosport
150273323,athletics
150360914,athletics
150654128,boardgames
150717204,volleyball
150908912,autosport
151529102,athletics
151563426,volleyball
151688620,winter_sport
152027915,tennis
152217002,basketball
152328435,winter_sport
152645515,boardgames
152682706,athletics
153599208,esport
154189203,tennis
154343628,hockey
154620504,athletics
154884131,motosport
155775004,motosport
156539705,motosport
157226523,winter_sport
157908500,tennis
158241534,winter_sport
158877415,autosport
158959036,motosport
159349224,hockey
159445938,football
159768514,basketball
159826537,hockey
160156804,basketball
160913325,volleyball
161038103,tennis
162043401,basketball
162356801,athletics
163251509,winter_sport
163267719,winter_sport
164938627,athletics
165033105,esport
165244818,football
165303039,winter_sport
165536929,basketball
165629003,martial_arts
166496120,athletics
167479026,volleyball
168326828,football
168804232,martial_arts
168848407,esport
168872231,martial_arts
169155022,football
169233026,football
169605021,extreme
169650018,extreme
169728316,boardgames
169781619,athletics
169782234,autosport
170400932,martial_arts
171142708,boardgames
171386911,esport
171566920,boardgames
171939837,martial_arts
172134431,autosport
172168003,athletics
172533415,winter_sport
173808905,basketball
173869328,autosport
174120533,volleyball
174540012,esport
174798230,tennis
175020812,athletics
175060434,autosport
175114936,autosport
175569918,hockey
175684103,esport
175877702,winter_sport
175917715,tennis
177059338,basketball
177421413,esport
177837324,basketball
177951629,hockey
177956109,motosport
178038606,boardgames
178335916,esport
178373718,volleyball
178587519,basketball
178647735,boardgames
178703607,athletics
179271619,athletics
179899500,motosport
180428424,extreme
180568436,basketball
180773232,tennis
181114224,winter_sport
181151513,athletics
181790608,football
182556512,basketball
182812727,boardgames
182965603,volleyball
183300802,football
183393929,hockey
184029530,motosport
184257327,motosport
184526213,winter_sport
184939504,volleyball
185046019,volleyball
185122614,tennis
185251920,martial_arts
186064128,winter_sport
186210234,esport
187165212,athletics
187412119,winter_sport
188076806,boardgames
188595930,autosport
188871818,boardgames
188914633,hockey
189202917,winter_sport
189606914,martial_arts
189713508,tennis
189715923,autosport
189795528,extreme
190675501,winter_sport
190676335,athletics
191197220,tennis
191288802,extreme
191775103,basketball
191792014,hockey
192169939,volleyball
192794930,athletics
193127539,martial_arts
193630610,martial_arts
193966605,boardgames
193979004,tennis
194289811,basketball
194359403,hockey
194486402,winter_sport
194604309,basketball
195663706,esport
195814323,hockey
197069007,autosport
197131118,football
198566525,boardgames
198693838,football
198786439,motosport
199165412,basketball
199260030,boardgames
199931007,basketball
200403021,martial_arts
200682408,tennis
200809628,hockey
200830226,extreme
200854829,hockey
201585624,hockey
201632614,extreme
201643838,football
202488729,hockey
202764639,athletics
202788309,martial_arts
203411104,winter_sport
203609815,esport
204512230,volleyball
204886735,winter_sport
205108616,martial_arts
206039507,boardgames
206462427,hockey
206534518,tennis
207420208,autosport
207891029,athletics
207974133,boardgames
208349037,winter_sport
209418931,boardgames
209708505,basketball
209915730,esport
209968332,football
209979431,volleyball
210153012,winter_sport
210625713,esport
210734516,extreme
213444212,winter_sport
214051407,boardgames
214283216,football
214726412,athletics
214775512,tennis
215038522,volleyball
215529508,volleyball
216104117,esport
216195912,winter_sport
216451201,esport
216695313,basketball
217336832,autosport
217404121,autosport
217409812,tennis
217629200,martial_arts
217866401,volleyball
219391807,volleyball
219875603,volleyball
220544713,volleyball
221685408,extreme
222424935,football
222516037,martial_arts
222647821,winter_sport
223233218,winter_sport
223395512,boardgames
223858625,winter_sport
223866238,motosport
223960908,hockey
224117102,esport
225676112,hockey
226571001,motosport
227173108,boardgames
227716111,basketball
227887835,esport
228182217,extreme
229230327,athletics
229614602,motosport
229925816,esport
230468518,tennis
231379431,basketball
232278338,motosport
232338336,winter_sport
232405230,autosport
234253423,football
234810038,extreme
235301239,hockey
235819036,volleyball
236154734,boardgames
236809623,hockey
238482914,hockey
238486701,winter_sport
238670820,extreme
239044903,extreme
239478110,hockey
239911236,esport
240113404,martial_arts
240148831,basketball
241032829,extreme
241251621,autosport
241306824,athletics
242791832,motosport
242999722,autosport
243150312,winter_sport
243857625,volleyball
244140619,autosport
244390012,motosport
245330532,basketball
245636707,motosport
245680408,martial_arts
246280803,tennis
246331928,tennis
247095126,esport
247313923,volleyball
247829135,volleyball
248182703,esport
248809911,esport
248974925,martial_arts
248992617,football
249355536,martial_arts
249356330,autosport
249455008,boardgames
249638431,hockey
250868121,basketball
251677902,motosport
251684639,motosport
252017522,esport
252055117,motosport
252647132,esport
252958212,winter_sport
253041238,autosport
253247218,tennis
253865922,football
254005736,tennis
254358104,martial_arts
254489118,tennis
254914715,volleyball
256102315,tennis
256309326,autosport
256411415,autosport
257082031,boardgames
257167133,boardgames
257343433,extreme
257838004,martial_arts
258314123,football
258919913,esport
259229513,volleyball
261138036,extreme
261262031,motosport
261289836,basketball
261628215,hockey
262629904,tennis
262649514,basketball
263512315,motosport
263714124,extreme
265701307,basketball
266731331,winter_sport
266940400,football
268076611,basketball
268602925,volleyball
268620839,winter_sport
269135832,winter_sport
269499238,tennis
269600323,winter_sport
270174326,football
270775309,basketball
271336732,tennis
271439505,tennis
271744519,martial_arts
272013032,football
272409826,winter_sport
272974518,motosport
273559404,martial_arts
274671506,athletics
276213203,winter_sport
276231830,autosport
276303500,martial_arts
277075235,extreme
277201523,esport
277343111,tennis
277505118,football
278113722,extreme
278333026,athletics
279353929,martial_arts
279369911,volleyball
279774419,volleyball
280451535,boardgames
280458608,athletics
281392706,martial_arts
281743839,extreme
281906302,basketball
282161237,hockey
282349037,volleyball
282476217,basketball
282876503,motosport
282890727,hockey
283158237,basketball
283290130,football
283348024,martial_arts
283938412,football
284265324,winter_sport
285028136,hockey
285269308,football
285572720,tennis
286516630,autosport
286637611,basketball
287237406,winter_sport
287813214,autosport
287890211,martial_arts
288320122,extreme
289099909,winter_sport
289285000,volleyball
289454822,volleyball
289474002,football
289941403,hockey
290484631,winter_sport
291159622,extreme
291959212,tennis
292582612,winter_sport
292717533,boardgames
293137810,volleyball
293257727,extreme
293927219,boardgames
294355703,motosport
294739001,volleyball
294997620,tennis
295520434,martial_arts
296013934,hockey
296077903,extreme
297310427,winter_sport
297584824,extreme
298814214,football
298821701,motosport
299094039,basketball
299159823,athletics
299652135,martial_arts
300018033,boardgames
300089423,extreme
300238132,volleyball
300376018,boardgames
300585932,autosport
300680436,athletics
300698829,autosport
300872233,volleyball
300976628,extreme
301803518,motosport
302086720,extreme
302337826,esport
302563336,autosport
303452933,athletics
303714903,motosport
303858215,motosport
304537523,extreme
304707108,athletics
305580412,extreme
305659608,esport
306441436,autosport
306975214,football
307022516,boardgames
307052612,motosport
307712117,autosport
307726713,volleyball
309347409,tennis
309752232,volleyball
310100109,motosport
310159821,winter_sport
310271910,volleyball
310358223,athletics
310405313,boardgames
310690308,basketball
310965814,esport
311125219,boardgames
311641030,tennis
312888017,martial_arts
313204506,basketball
313283508,athletics
313283509,extreme
313873532,esport
314389434,boardgames
314730615,tennis
314850421,basketball
315514611,athletics
316651621,motosport
316814235,esport
316817634,basketball
318475207,hockey
318513918,extreme
319354635,hockey
320107038,hockey
320128527,esport
321397920,volleyball
321638212,extreme
322201813,hockey
322297134,volleyball
322514905,autosport
322842224,athletics
323016022,tennis
323542800,hockey
324255428,motosport
324470724,motosport
324896016,winter_sport
324968820,football
325097003,basketball
325137301,athletics
325140231,motosport
325230734,extreme
325238208,basketball
325301301,athletics
325340028,football
325377733,autosport
326063102,football
327096529,hockey
327143311,winter_sport
327373427,basketball
327461413,hockey
327734729,boardgames
328610001,athletics
329140217,motosport
329148234,martial_arts
329730016,basketball
329768819,motosport
330126734,hockey
330574029,hockey
330691025,basketball
331057512,martial_arts
331906829,volleyball
331980113,martial_arts
332429417,motosport
332438024,extreme
332656608,athletics
332820822,autosport
332983824,basketball
333629639,martial_arts
334212131,tennis
334458011,tennis
334504900,hockey
334684635,hockey
334997905,basketball
335696332,extreme
336192226,motosport
336407414,football
336705925,athletics
336741517,martial_arts
337047403,winter_sport
337302933,motosport
337485625,tennis
337669626,extreme
338061502,football
338973828,martial_arts
339030900,football
339910315,winter_sport
340097918,tennis
340307719,extreme
340319108,athletics
341006523,tennis
341458225,esport
341577834,boardgames
342217239,esport
343811314,martial_arts
344085216,boardgames
345928610,winter_sport
346051213,volleyball
346300139,hockey
346305901,football
346973015,volleyball
346979937,winter_sport
347076136,hockey
347660221,football
347915320,esport
347983522,hockey
348319536,football
348625206,winter_sport
348740816,autosport
349384717,basketball
349550918,extreme
349748832,football
350292811,boardgames
350509934,boardgames
350854638,autosport
351815720,esport
353081737,tennis
353182908,autosport
354506919,hockey
354743016,martial_arts
354799822,athletics
354880700,tennis
355869103,athletics
356043123,martial_arts
356117301,tennis
356167110,hockey
356229300,volleyball
357132616,esport
357676832,esport
357831525,winter_sport
358226131,esport
358259418,tennis
358317602,athletics
358634928,motosport
358793829,martial_arts
358893334,autosport
358997321,motosport
359331738,hockey
359502010,tennis
360316628,esport
360665210,football
360837705,hockey
361446201,martial_arts
361486400,winter_sport
361586808,esport
362008626,boardgames
362038305,extreme
362122526,basketball
363011237,esport
363048101,boardgames
363280212,tennis
363792735,autosport
363870539,volleyball
364130824,tennis
365401829,basketball
365447126,motosport
365511913,athletics
365639217,basketball
366196024,motosport
366534304,extreme
367128632,hockey
367146634,motosport
367642407,basketball
368142822,autosport
368422620,hockey
368543725,extreme
369220816,extreme
369250822,motosport
369317324,basketball
369349736,esport
369462436,winter_sport
369510408,hockey
369621326,hockey
369624024,basketball
369774809,basketball
369797136,tennis
369973922,motosport
370655126,tennis
370818707,winter_sport
371194832,athletics
371253809,esport
371670028,basketball
372120119,basketball
372619507,martial_arts
373392512,martial_arts
373701210,hockey
374161020,esport
374331313,extreme
374976917,martial_arts
375105823,esport
375680603,volleyball
375824633,winter_sport
375922416,autosport
376260625,winter_sport
376869817,athletics
377199730,motosport
377362103,hockey
378373822,martial_arts
378764037,esport
378940814,motosport
378995810,extreme
379077831,boardgames
379173710,autosport
379707522,motosport
380261015,boardgames
380447018,basketball
380828920,athletics
380846012,winter_sport
380873701,esport
380924325,extreme
381175229,basketball
381517915,tennis
381764623,esport
381979729,winter_sport
382144213,autosport
382246238,autosport
382790721,esport
383306838,basketball
383370828,athletics
384129821,athletics
384245413,athletics
384272039,boardgames
385573636,martial_arts
387687703,tennis
388066139,athletics
388468131,boardgames
388651911,winter_sport
389199804,volleyball
389639538,extreme
390326813,martial_arts
390954924,athletics
391106101,extreme
391708030,athletics
392033223,extreme
392205005,martial_arts
392801401,tennis
393386031,extreme
393407803,boardgames
394212724,autosport
394507726,esport
394896621,esport
395353112,boardgames
395618404,martial_arts
396370424,boardgames
396395116,athletics
397238625,extreme
397688731,martial_arts
398016315,volleyball
398887933,football
400318329,winter_sport
400493824,hockey
400888203,extreme
400984111,extreme
401592234,hockey
401762737,autosport
401817323,autosport
402522236,volleyball
402635101,hockey
402791408,tennis
403183304,football
404734609,winter_sport
405617038,winter_sport
406191709,motosport
406657330,volleyball
406687238,esport
406693811,football
408612401,hockey
408679404,tennis
409341814,volleyball
409398311,hockey
409411512,winter_sport
410019910,tennis
410422939,basketball
410728131,autosport
411058433,hockey
411813121,extreme
411869717,martial_arts
411875725,volleyball
412580427,boardgames
412582902,autosport
413158824,hockey
413319722,boardgames
413670930,extreme
414510031,athletics
414585700,volleyball
415048434,boardgames
415366032,volleyball
415497137,boardgames
415671629,esport
415737436,autosport
415903907,esport
416292708,autosport
416384822,volleyball
416747616,motosport
418496427,basketball
418888935,extreme
419776727,football
419924317,tennis
420029112,autosport
420716606,volleyball
421471925,football
421579134,tennis
421605521,motosport
421671525,esport
421797403,football
421893322,tennis
422072501,hockey
423620832,motosport
424072328,volleyball
424194001,athletics
424581231,martial_arts
424678830,athletics
424793706,winter_sport
424965336,esport
425955511,hockey
426714607,football
426978833,volleyball
427405525,hockey
427947126,winter_sport
428895801,martial_arts
428948204,tennis
429090505,motosport
429095315,tennis
429114239,extreme
429186739,martial_arts
429288632,volleyball
430070319,athletics
431515801,hockey
432119824,esport
432194902,martial_arts
432727237,martial_arts
432881818,volleyball
433229230,martial_arts
433288420,winter_sport
433430409,winter_sport
433461909,motosport
433514302,esport
433545839,esport
433717313,motosport
434086932,autosport
435066337,volleyball
435422100,athletics
435511326,volleyball
435521510,martial_arts
435847516,volleyball
436075506,esport
436338111,winter_sport
436996505,esport
438386826,winter_sport
438797216,tennis
439607625,volleyball
439624909,volleyball
439735436,volleyball
440346237,motosport
441327302,motosport
441420522,hockey
441807829,extreme
441857133,athletics
441983510,athletics
442404133,basketball
442857922,esport
443224606,autosport
443233908,winter_sport
443892630,athletics
444009223,athletics
444234900,tennis
445450828,motosport
445858313,basketball
445982121,athletics
446372811,motosport
446957610,volleyball
447367830,hockey
447547920,hockey
447660100,football
447899916,volleyball
449702027,basketball
449704704,volleyball
449725405,volleyball
449803432,basketball
450530620,autosport
450783314,winter_sport
451045817,football
451097605,winter_sport
451105500,esport
451119206,martial_arts
451609521,athletics
452031436,volleyball
452466036,martial_arts
452666501,basketball
452677122,esport
452693925,basketball
452717234,hockey
453489307,hockey
453622433,extreme
454456215,volleyball
454563234,boardgames
454614417,esport
454649416,tennis
454798730,volleyball
455599238,athletics
455866804,tennis
456049834,motosport
456152915,football
456256906,volleyball
456365104,football
457575911,tennis
458257228,volleyball
458745710,extreme
459058703,boardgames
459391931,esport
459543124,hockey
459606103,football
459870226,extreme
460819000,athletics
461294623,hockey
461441908,boardgames
461478321,motosport
461578519,hockey
461748703,esport
461848124,tennis
462553428,hockey
463497816,autosport
463889624,boardgames
464496500,martial_arts
465964406,esport
466189918,football
466643728,basketball
466833200,volleyball
466929309,extreme
466949309,tennis
467539521,basketball
468180423,basketball
468287808,boardgames
469446016,football
469734025,tennis
469921116,motosport
470130924,autosport
470430112,boardgames
470533206,martial_arts
470564924,football
471648831,volleyball
471765201,boardgames
472102715,boardgames
472265305,boardgames
472361212,volleyball
472368600,basketball
473008422,autosport
474341536,winter_sport
474448617,esport
474628927,tennis
474672934,autosport
474818525,esport
475206109,volleyball
476458720,autosport
477358811,hockey
477438405,boardgames
478085506,athletics
478649132,autosport
479057125,basketball
479143822,extreme
479245314,volleyball
479862616,football
479886838,autosport
480246717,extreme
480878817,extreme
480925027,autosport
481125330,extreme
481188838,hockey
481366031,tennis
481791707,motosport
482188421,esport
482225120,esport
483184820,tennis
483440203,motosport
483581922,esport
483598913,hockey
483669103,motosport
484354931,volleyball
484770022,winter_sport
486848704,football
487411805,esport
487455103,athletics
487461304,tennis
487517418,martial_arts
487808124,hockey
488107817,winter_sport
488167739,hockey
488476436,extreme
489685222,hockey
490004308,tennis
490396703,esport
490784125,autosport
491366739,winter_sport
491378212,hockey
491581824,extreme
491747007,football
493152603,motosport
493291122,autosport
493301008,winter_sport
493329800,basketball
493483514,winter_sport
493996925,martial_arts
494399433,motosport
494829421,esport
495216520,esport
495993616,autosport
496382632,motosport
497113516,martial_arts
497745905,athletics
497868207,volleyball
498073839,football
500328511,autosport
500385906,martial_arts
500485134,athletics
500649222,esport
501121024,motosport
501365320,basketball
502126414,autosport
502274308,volleyball
502304733,martial_arts
502677819,winter_sport
502752932,winter_sport
503256319,basketball
503286621,volleyball
503664137,volleyball
503681221,esport
504068509,tennis
504207431,winter_sport
504918307,winter_sport
505512209,martial_arts
506647809,esport
506779112,football
507262500,winter_sport
508170013,tennis
508598802,volleyball
509298920,motosport
510577617,autosport
510637726,athletics
511045128,autosport
511077225,extreme
511429701,extreme
512337707,tennis
512892704,winter_sport
513724303,volleyball
514263414,volleyball
514610616,tennis
514740421,autosport
514876428,hockey
515163906,basketball
515223035,winter_sport
515359008,extreme
515979625,basketball
516487717,esport
516878434,tennis
517149005,basketball
517514521,martial_arts
517616537,autosport
517683527,motosport
518402824,winter_sport
518460505,autosport
518806805,tennis
518838020,hockey
519137722,hockey
519393417,extreme
520171005,football
521758907,basketball
522310908,hockey
522372909,extreme
523427029,motosport
523428729,hockey
523488132,tennis
523701908,hockey
523843812,volleyball
524426623,tennis
524622113,boardgames
524977904,winter_sport
525872608,football
526086705,volleyball
526305739,boardgames
526861338,tennis
527137328,football
527340032,hockey
527528908,boardgames
527755416,basketball
528610528,football
529216217,football
529343505,hockey
529365418,boardgames
531280822,hockey
531845619,hockey
532050732,boardgames
532990915,hockey
533490409,athletics
533687714,motosport
534740330,athletics
535511828,basketball
535711737,tennis
536016915,extreme
536209623,extreme
536232037,martial_arts
536631212,basketball
536757720,athletics
538156330,athletics
538422305,motosport
539465706,tennis
540241108,athletics
540326921,boardgames
541034335,athletics
541204520,basketball
541587109,motosport
542017229,athletics
542055201,winter_sport
542840716,motosport
542922016,motosport
542970915,tennis
543359603,motosport
543395536,extreme
543463128,football
543663420,martial_arts
544238018,esport
544316610,football
544399530,athletics
544508231,athletics
545066315,autosport
546542921,football
546906132,extreme
547766236,football
548575926,martial_arts
548773538,esport
548889408,boardgames
549731702,motosport
549787313,martial_arts
551269718,volleyball
551710300,boardgames
551969303,martial_arts
552093907,volleyball
552161318,extreme
552724006,tennis
553168723,tennis
553288426,martial_arts
553924806,motosport
554603131,hockey
554812531,esport
555013438,autosport
555020016,esport
555032604,esport
555337026,tennis
555766013,hockey
556172732,motosport
556662305,tennis
557277126,athletics
557484721,tennis
557730405,basketball
558167517,football
558456732,boardgames
558547621,hockey
558583814,winter_sport
559217017,motosport
559296224,esport
559807729,extreme
559886937,hockey
560090914,esport
560109831,autosport
560223506,athletics
560285439,hockey
560746300,boardgames
561842735,motosport
562263821,martial_arts
563048705,esport
563416735,winter_sport
563700604,extreme
564030627,hockey
564459708,tennis
565675004,esport
565820003,motosport
566255305,tennis
566933517,athletics
567098537,hockey
567751832,motosport
567968125,boardgames
568346001,volleyball
568541621,martial_arts
568705033,hockey
569162732,esport
569390901,hockey
570225132,boardgames
570673139,football
570742820,boardgames
570876811,extreme
570896400,winter_sport
571009235,hockey
571068209,football
571093038,volleyball
571238225,basketball
571313639,autosport
571323905,boardgames
571488727,hockey
571684534,athletics
571717109,basketball
571821239,martial_arts
571944417,boardgames
572040810,autosport
572123918,volleyball
572303207,autosport
572692311,basketball
572841509,football
573230204,boardgames
573464122,winter_sport
573474327,hockey
573599818,extreme
573720128,extreme
573728221,volleyball
573844036,basketball
573984210,hockey
574170137,football
574447328,hockey
575415307,winter_sport
575808906,motosport
576585801,hockey
576742906,athletics
577187937,martial_arts
577505103,extreme
577746628,hockey
577870231,basketball
577954824,motosport
578692128,esport
579828018,boardgames
580460700,athletics
580528518,volleyball
580543820,athletics
580901822,boardgames
581191034,athletics
582387318,volleyball
582543434,autosport
583140311,basketball
583304501,volleyball
583501728,boardgames
583649127,athletics
583812819,volleyball
584124420,basketball
584346327,athletics
584526602,extreme
584644404,esport
584891828,motosport
586438336,volleyball
586514133,winter_sport
587551436,motosport
588021734,basketball
588492128,boardgames
588665414,autosport
589191234,autosport
589708636,boardgames
590168531,football
590851410,volleyball
590978210,extreme
591630036,autosport
592013512,motosport
592032236,extreme
592752039,hockey
593047312,basketball
593121209,winter_sport
593313032,martial_arts
593911217,motosport
594307803,autosport
595692823,volleyball
595894929,basketball
596237319,martial_arts
596255402,motosport
596424711,athletics
597076427,tennis
597216810,athletics
597320201,athletics
597756035,hockey
597803422,hockey
598560315,winter_sport
598756912,hockey
598946537,winter_sport
600193414,volleyball
600216035,boardgames
600699419,boardgames
601670421,extreme
602432133,volleyball
602470622,esport
602928630,athletics
603928716,basketball
604360123,athletics
605027413,winter_sport
606174933,basketball
606193409,athletics
606598308,hockey
606729828,football
606886336,motosport
607642001,winter_sport
607794406,martial_arts
607849319,extreme
608008318,football
608202837,winter_sport
608221321,hockey
608530528,boardgames
608621732,winter_sport
609423004,motosport
609698935,motosport
610069617,motosport
610073730,esport
610419433,esport
610555901,athletics
610608320,martial_arts
610968003,hockey
611090907,basketball
611272716,martial_arts
611637936,hockey
611696517,football
612063015,autosport
612800229,boardgames
612806513,athletics
613092418,boardgames
613261001,martial_arts
613449708,basketball
613462516,winter_sport
613510504,esport
613949310,extreme
614327734,motosport
614661625,extreme
614822521,winter_sport
614928806,basketball
615111916,basketball
615462028,football
617041638,hockey
617089805,boardgames
617202308,autosport
617827624,motosport
618050834,extreme
618086409,esport
618178708,athletics
618524109,motosport
618948831,extreme
619076639,martial_arts
619136712,football
619492408,football
620825127,martial_arts
620831039,extreme
621089234,extreme
621181023,extreme
621494509,winter_sport
621582000,basketball
621621214,winter_sport
622543412,basketball
623365639,hockey
623907520,athletics
624254822,volleyball
624444012,boardgames
624935922,football
625733917,volleyball
626123703,boardgames
626724033,autosport
627169214,football
627299307,winter_sport
627428414,basketball
627689204,volleyball
627942312,esport
628205320,tennis
628345539,winter_sport
628940512,basketball
629112306,tennis
629764426,basketball
629887000,autosport
630596921,athletics
630825516,winter_sport
630923338,esport
631192517,hockey
631274828,motosport
631388434,boardgames
631811222,tennis
631961703,hockey
632576821,motosport
632988709,motosport
633244217,winter_sport
633261006,boardgames
633337412,tennis
633667826,basketball
633722524,esport
633814217,volleyball
633910216,boardgames
634077333,football
634162404,tennis
634520721,motosport
634713829,hockey
634720110,football
635515629,tennis
635556508,esport
635660039,boardgames
636382901,athletics
636606912,boardgames
636783625,tennis
636813919,basketball
636863230,boardgames
637027007,winter_sport
637330135,extreme
638216721,football
638690823,autosport
639255416,volleyball
640045636,basketball
640825236,motosport
640851311,martial_arts
641006713,volleyball
641530522,tennis
642194214,martial_arts
642570122,volleyball
642658905,athletics
643723301,hockey
645562129,athletics
645893435,motosport
646468605,boardgames
647206032,football
647248211,martial_arts
647706002,motosport
647940606,basketball
648146022,football
648536421,football
649088727,martial_arts
649198810,martial_arts
649301435,martial_arts
649353633,boardgames
649867805,motosport
650213926,autosport
650371125,extreme
651673205,volleyball
652028722,volleyball
652140412,winter_sport
652151312,hockey
653139422,volleyball
653555418,extreme
653660801,athletics
653708801,martial_arts
654534231,martial_arts
655435538,autosport
655483127,boardgames
655829522,autosport
656137117,martial_arts
656218303,martial_arts
656282637,volleyball
656321537,esport
656339234,hockey
656656408,esport
656741409,extreme
657046535,boardgames
657433221,winter_sport
657659221,boardgames
657663118,boardgames
657781511,boardgames
657828704,extreme
661252506,boardgames
661402108,autosport
661657826,autosport
661807414,boardgames
662150224,football
662453213,football
663005300,tennis
663123629,motosport
663177038,autosport
663621910,esport
666159635,motosport
666979904,volleyball
667473433,boardgames
668748115,esport
668998218,basketball
669425923,martial_arts
669566726,hockey
669684718,winter_sport
670060720,boardgames
670133125,motosport
670818517,athletics
671359431,boardgames
672115723,winter_sport
672291907,tennis
673423735,motosport
673717013,football
673848710,hockey
674662713,hockey
675028903,motosport
675221606,martial_arts
675267313,winter_sport
675338101,football
675769234,winter_sport
675949807,basketball
676067213,tennis
676100714,motosport
676822639,hockey
676903235,boardgames
676963316,esport
677320621,tennis
677409936,boardgames
678814727,football
679175615,volleyball
679492600,hockey
679839112,winter_sport
681167633,athletics
681511514,hockey
681523134,tennis
681724533,athletics
681992433,boardgames
682407200,extreme
682455124,tennis
682574502,athletics
682654027,winter_sport
682868217,autosport
683004715,hockey
683008120,tennis
684766028,winter_sport
684795625,volleyball
685187327,autosport
685403029,basketball
685722316,hockey
686389628,extreme
686416229,athletics
686698307,esport
686924926,esport
687005007,football
687457825,autosport
687615825,esport
688031531,martial_arts
688766528,athletics
689420739,motosport
690672834,football
690730704,athletics
691196826,hockey
691699936,martial_arts
691774108,motosport
691885025,extreme
692130106,basketball
692248707,boardgames
692638318,football
692871434,boardgames
692941415,tennis
693769604,winter_sport
693946932,volleyball
693990115,motosport
694176212,extreme
694334802,football
694431706,athletics
694561717,athletics
694630918,athletics
694721501,hockey
695005818,athletics
695058203,athletics
695496003,martial_arts
696044911,autosport
696205003,autosport
696619008,athletics
696763600,athletics
696853732,volleyball
697207714,football
697719516,extreme
697754006,basketball
697962815,football
697977732,volleyball
698146809,basketball
698363821,volleyball
698702413,hockey
698725904,football
698740800,basketball
698962202,boardgames
699350627,boardgames
699404808,winter_sport
699833027,motosport
700198717,esport
700305001,football
700486922,boardgames
701136424,basketball
702231336,martial_arts
703540237,athletics
703645610,winter_sport
703750536,autosport
704448708,winter_sport
704493238,basketball
704658637,volleyball
704754304,athletics
704972525,motosport
705520417,athletics
705531229,basketball
705736306,football
706187615,athletics
707243606,athletics
707684228,basketball
708058827,martial_arts
708186121,football
708435804,football
708450700,motosport
708817610,football
709646319,tennis
710293600,volleyball
710737629,motosport
711716415,tennis
712523014,tennis
712883511,martial_arts
713015830,esport
713499939,tennis
713757600,extreme
714230505,esport
714234514,extreme
714494404,tennis
716233230,hockey
716667231,hockey
716670416,winter_sport
716730813,athletics
717515711,volleyball
718004107,winter_sport
718265512,football
718310929,volleyball
718520728,motosport
718701305,basketball
718731007,hockey
718936035,basketball
718968334,boardgames
720194726,motosport
720267537,winter_sport
720356615,athletics
720423606,hockey
720700227,volleyball
720806404,hockey
720955404,boardgames
720971414,winter_sport
720980602,athletics
721281612,tennis
721356005,basketball
721591601,martial_arts
722293514,motosport
722326419,volleyball
722797307,tennis
722998702,athletics
723062002,athletics
723177305,volleyball
723383611,motosport
723736924,athletics
723869730,motosport
724294131,boardgames
724468930,autosport
724575310,athletics
724673712,athletics
724915531,boardgames
725601317,autosport
726176124,hockey
726740926,basketball
727066931,extreme
727131428,volleyball
728868232,football
729168834,volleyball
729232621,motosport
729244921,basketball
729673830,autosport
729848700,athletics
730206900,martial_arts
730464814,boardgames
730777029,autosport
730917226,hockey
731046922,athletics
731161905,athletics
731388718,esport
731705227,hockey
731751516,tennis
732356326,basketball
732390927,athletics
732719339,extreme
732725131,tennis
732845834,basketball
732864905,esport
733034205,boardgames
733036217,autosport
733163636,volleyball
733336612,football
733364110,autosport
733552400,winter_sport
733716720,martial_arts
734063839,winter_sport
734162904,football
734377410,martial_arts
734592127,athletics
734773828,tennis
735316620,volleyball
735418021,tennis
735630433,extreme
735913215,hockey
737153530,autosport
737880515,basketball
738065626,autosport
738309006,football
738676239,esport
739334607,tennis
739394931,motosport
739917704,extreme
740126116,autosport
741012308,motosport
742197116,tennis
742321024,hockey
742710000,hockey
742720004,boardgames
743480114,esport
744621104,football
746261621,boardgames
746421309,motosport
747366802,volleyball
748139809,motosport
748171722,volleyball
749208109,esport
749740303,extreme
749854625,hockey
749981730,winter_sport
750019213,volleyball
750089226,hockey
750123821,autosport
750283334,volleyball
750529123,esport
750586033,martial_arts
751883304,basketball
752730414,extreme
752762421,hockey
753204021,basketball
753336639,martial_arts
753567210,hockey
753726005,autosport
753777205,boardgames
754130730,boardgames
754370035,football
754440301,basketball
754799230,boardgames
755173525,football
755703839,esport
756352731,boardgames
756811015,basketball
757129532,football
757382404,autosport
757687928,tennis
757840314,volleyball
758155538,football
758394115,boardgames
758544537,motosport
758557134,athletics
759095431,autosport
759122832,esport
759335729,extreme
759592926,tennis
759680207,tennis
760061830,extreme
760564339,winter_sport
760657814,esport
760769633,extreme
761152130,football
761347628,extreme
761417337,esport
762195413,athletics
762386331,motosport
763019216,autosport
763841310,basketball
765370701,motosport
765668814,autosport
767166235,autosport
767339919,autosport
767883100,football
768689220,athletics
768730237,hockey
769116238,tennis
769374336,basketball
769467634,autosport
769774306,martial_arts
769822207,volleyball
770007815,football
770301717,basketball
770457906,volleyball
771189202,tennis
771428814,martial_arts
771624222,boardgames
771869717,basketball
772243338,basketball
772267924,extreme
772796121,winter_sport
773612809,tennis
773639931,volleyball
773652518,volleyball
773806324,winter_sport
775293001,football
776249712,autosport
776303527,autosport
776351709,volleyball
776359438,tennis
776475030,volleyball
776648409,extreme
776866709,autosport
777001005,martial_arts
777388529,tennis
777792529,football
779040219,winter_sport
779133709,motosport
779384134,basketball
779943838,motosport
780087912,esport
780377018,hockey
780437412,boardgames
780661336,motosport
781035303,esport
781534022,motosport
782971823,boardgames
783745007,extreme
784721116,extreme
784811821,winter_sport
785209618,extreme
786094333,football
786309406,athletics
786441106,extreme
786445913,autosport
786639628,tennis
788252431,football
788319022,autosport
788365527,football
788405023,volleyball
788946507,tennis
789662714,extreme
789704301,motosport
789732331,winter_sport
790179730,football
791826507,motosport
791905809,esport
792605429,tennis
792960709,extreme
792993723,autosport
793483105,winter_sport
793498528,martial_arts
793527036,martial_arts
793925411,basketball
794004500,basketball
795681906,autosport
795835134,esport
795983000,autosport
796339635,autosport
796343309,tennis
797106735,esport
798486938,athletics
798648523,motosport
798767415,esport
798901420,football
798959002,tennis
799379709,martial_arts
799507205,boardgames
799841423,athletics
800426014,winter_sport
801253637,boardgames
801282329,volleyball
801563116,autosport
802109611,extreme
802298901,winter_sport
802544922,extreme
802894535,tennis
803373031,football
803563217,winter_sport
804059534,basketball
804077033,football
804087221,extreme
804591616,autosport
805173438,athletics
805618829,basketball
805759210,extreme
805934915,hockey
806134921,extreme
806147614,basketball
806603917,winter_sport
807285226,extreme
807286332,motosport
808026519,motosport
808599916,hockey
808720707,martial_arts
809112636,hockey
809310416,martial_arts
809470704,basketball
810227300,motosport
810245338,football
810354239,autosport
810648433,volleyball
810672125,motosport
810689517,esport
811389738,hockey
811403701,winter_sport
811626221,winter_sport
811784101,extreme
812009012,tennis
813350212,tennis
814144025,extreme
814378832,motosport
814396119,extreme
815092714,tennis
815640829,martial_arts
815797438,tennis
815971707,winter_sport
816073817,motosport
816892913,autosport
817402220,esport
817588631,martial_arts
818786025,football
819163701,volleyball
819414509,athletics
819595634,autosport
820117632,basketball
820407333,volleyball
820937225,autosport
821416534,hockey
821566411,winter_sport
821674032,athletics
821877603,extreme
823307539,extreme
823965717,boardgames
824729512,athletics
824743609,basketball
824807623,winter_sport
825163019,athletics
825619734,extreme
826403605,basketball
827474411,boardgames
829014332,extreme
830464415,tennis
830580618,hockey
831253324,motosport
831430707,football
831798502,boardgames
831854927,hockey
832060730,winter_sport
834897309,volleyball
834921405,athletics
835396802,football
836439103,esport
836681838,basketball
837175330,athletics
837314116,hockey
837411601,volleyball
837518626,martial_arts
837661534,boardgames
837772112,autosport
839030107,football
839044616,hockey
839750938,football
839751918,tennis
839826832,extreme
839901317,boardgames
840167802,extreme
840855229,boardgames
841198827,basketball
841735926,esport
841922601,motosport
842094317,martial_arts
842306321,autosport
842350816,motosport
842595938,basketball
843846307,esport
844717635,extreme
845204133,tennis
845425433,football
846289631,martial_arts
846379730,winter_sport
846438937,autosport
846615403,extreme
846680907,esport
846845713,athletics
847243834,martial_arts
847903026,volleyball
848777023,hockey
849288127,volleyball
850390414,tennis
850748314,motosport
850982633,boardgames
851180827,hockey
852431225,extreme
853317727,boardgames
853318705,basketball
853736228,esport
853748924,winter_sport
853812926,autosport
854520310,autosport
855240530,esport
855343237,boardgames
856701516,extreme
858270913,basketball
858295624,esport
859264731,martial_arts
859305226,football
860103302,tennis
860545413,basketball
861225637,volleyball
861838032,tennis
861991010,volleyball
862074312,tennis
864087326,winter_sport
865148516,extreme
865319020,martial_arts
865581307,motosport
866166836,extreme
867517906,winter_sport
867549202,boardgames
868391013,martial_arts
868408610,autosport
868741111,extreme
868970032,esport
869290538,boardgames
869518006,autosport
869551220,esport
869684202,winter_sport
871203616,football
871707112,autosport
871940439,tennis
872097518,motosport
873304510,winter_sport
874257909,motosport
874382204,tennis
875504204,boardgames
875931726,autosport
875961536,volleyball
875981233,autosport
876043310,hockey
876416825,tennis
876642405,hockey
876801624,basketball
876929904,volleyball
877712607,winter_sport
877807601,basketball
877868208,basketball
878785139,winter_sport
879179136,hockey
879807905,football
879836504,tennis
879867032,martial_arts
880206236,tennis
880325814,tennis
880844709,athletics
880924214,tennis
881039026,volleyball
881271230,esport
881714831,boardgames
881719908,football
881759832,athletics
881761926,football
881966013,extreme
882038106,volleyball
882288416,volleyball
882315308,hockey
882493006,basketball
882640123,football
882959720,extreme
883696318,boardgames
883757433,tennis
883911111,motosport
883951626,martial_arts
884416724,extreme
884639615,autosport
885137827,football
885530530,hockey
885777902,autosport
886531805,esport
888101600,athletics
888285213,martial_arts
888442435,motosport
888570926,winter_sport
888762027,tennis
888914411,boardgames
889611806,esport
890089427,extreme
890219039,basketball
890548501,autosport
890975533,basketball
890990913,motosport
891104532,martial_arts
891334035,motosport
891594226,athletics
892724112,motosport
892766606,football
892988615,martial_arts
893681523,athletics
893890239,volleyball
894533034,tennis
895774202,extreme
895783211,martial_arts
896038516,basketball
896187322,football
896615205,extreme
896686111,athletics
896714013,esport
897247311,athletics
897494439,football
897875212,boardgames
898046305,volleyball
898257011,volleyball
898891936,winter_sport
898943337,boardgames
900506605,extreme
900952227,athletics
901046514,tennis
901212909,motosport
901319525,volleyball
901627909,volleyball
901640937,extreme
901695604,winter_sport
902195311,winter_sport
902512702,winter_sport
902709331,football
903004702,tennis
903006510,autosport
903672538,tennis
904622813,esport
905221839,athletics
905243708,extreme
905312229,athletics
905511805,esport
905567539,winter_sport
905699705,hockey
905970800,volleyball
906862823,tennis
906965618,athletics
907386212,football
907389330,esport
907707903,boardgames
908844019,boardgames
909050028,volleyball
909146130,autosport
909250315,extreme
909440401,esport
909448138,athletics
909638205,esport
910049717,athletics
910521609,winter_sport
911780335,martial_arts
912181332,volleyball
912568719,autosport
912720600,esport
912791406,esport
913037318,boardgames
913398708,winter_sport
914507310,autosport
916341617,autosport
916355700,autosport
916357824,volleyball
916678726,winter_sport
916861034,martial_arts
916932407,basketball
916952214,football
917333836,martial_arts
917918427,tennis
918364537,winter_sport
918645004,martial_arts
918780108,martial_arts
919422928,esport
919523134,tennis
919849725,extreme
919983808,boardgames
920077015,athletics
920553522,football
920584035,esport
920626600,football
920673602,winter_sport
920712623,tennis
920808639,tennis
921213411,volleyball
921784308,basketball
921937508,basketball
921992707,esport
922406933,football
923012209,volleyball
923024638,martial_arts
923126630,tennis
923366304,tennis
923436937,boardgames
923795310,martial_arts
923795413,hockey
924260407,autosport
924380421,extreme
926666129,motosport
926900206,hockey
927384902,martial_arts
927852529,basketball
927963415,tennis
928004506,athletics
928466623,volleyball
928894020,esport
929012030,motosport
929177628,winter_sport
930432020,volleyball
930446319,volleyball
930647729,volleyball
930930928,volleyball
931808713,athletics
931986732,volleyball
932162114,basketball
932230336,autosport
933229631,winter_sport
933468212,esport
933474909,autosport
933536635,autosport
934770635,volleyball
934775902,boardgames
936469535,volleyball
936964719,volleyball
937276635,hockey
938672803,athletics
938731820,basketball
939038022,motosport
939633505,athletics
939794218,hockey
940100410,motosport
940142725,athletics
940643711,volleyball
940712208,hockey
941480814,esport
941655901,winter_sport
942291028,autosport
942578728,boardgames
943343431,athletics
943529000,extreme
943736224,esport
944232732,hockey
944464105,extreme
945026513,football
945052807,football
945722108,athletics
946552139,motosport
947138900,boardgames
947255416,football
947256910,extreme
947275916,tennis
948654335,tennis
949032612,boardgames
949245201,winter_sport
949858220,motosport
949871830,volleyball
949907629,boardgames
950046422,basketball
950318127,volleyball
950610502,athletics
950885012,athletics
951099915,volleyball
951144506,volleyball
951953731,motosport
952274232,football
952343224,boardgames
952424029,martial_arts
952958325,esport
953467218,winter_sport
953619614,autosport
953755801,athletics
954309335,autosport
954498427,tennis
954782222,autosport
955803014,winter_sport
956023416,volleyball
957257906,extreme
957467121,football
958369610,tennis
958737102,winter_sport
958980903,athletics
959640114,football
959856105,tennis
959923306,basketball
959949902,motosport
960208908,winter_sport
960406231,tennis
960607836,esport
960682626,extreme
960792022,martial_arts
961037402,extreme
961334227,boardgames
961447120,football
961573518,football
962409113,athletics
962542607,athletics
963404719,autosport
963669106,basketball
963893835,esport
963933706,esport
963977522,extreme
964573111,hockey
964715800,athletics
964864035,volleyball
964964930,martial_arts
965009518,motosport
965112735,boardgames
965232823,extreme
965583914,esport
965739105,esport
965768113,football
966648738,motosport
966922207,basketball
967451027,boardgames
967832038,volleyball
967849804,football
968492435,basketball
968694134,esport
969573507,martial_arts
969939508,tennis
970656307,football
970974136,athletics
971196736,martial_arts
971344832,hockey
971554629,hockey
972003326,boardgames
972727229,motosport
972799138,extreme
972972609,volleyball
973446521,boardgames
973568134,football
973794208,motosport
974417010,volleyball
975407827,athletics
975627500,esport
975711134,esport
976183800,esport
976274208,hockey
976726439,martial_arts
976997634,autosport
977337403,extreme
977791728,martial_arts
978152436,basketball
979376404,extreme
979631209,autosport
980030133,tennis
980224018,autosport
980421624,tennis
980971909,football
981950805,boardgames
982297104,autosport
982459907,motosport
982712506,winter_sport
982843524,autosport
982877726,extreme
982942625,athletics
983658124,athletics
985825903,winter_sport
985913429,volleyball
985972400,motosport
986135626,esport
986222017,volleyball
986936309,winter_sport
987306634,winter_sport
987772401,esport
987987031,tennis
988322537,volleyball
988414209,motosport
988540723,martial_arts
988761300,autosport
989301701,winter_sport
989889703,martial_arts
991105434,volleyball
991437726,boardgames
991629126,winter_sport
991670624,esport
992331419,autosport
992511734,hockey
993159701,hockey
993241304,autosport
993251023,winter_sport
993727705,hockey
993849513,boardgames
994379631,tennis
995078418,hockey
995180722,tennis
995500139,boardgames
995560132,esport
995614432,winter_sport
995696423,athletics
995968829,volleyball
996141322,extreme
996348826,martial_arts
996508807,athletics
996567419,volleyball
997446726,esport
997758226,tennis
998309713,esport
998565619,esport
999112505,boardgames
999361308,tennis
999374432,football
